index,date,open,high,low,close,volume,CT,QV,N,TB,TQ,I
0,2023-10-01 00:00:00,0.000062760,0.000063450,0.000062600,0.000063240,5833205763.78,1696132799999.0,367923.95259116,2523.0,3202105669.74,201914.51498325,0.0
1,2023-10-01 04:00:00,0.000063230,0.000063690,0.000063080,0.000063410,6366065007.82,1696147199999.0,404078.34360741,2878.0,2841892354.6,180421.41736503,0.0
2,2023-10-01 08:00:00,0.000063400,0.000063970,0.000063110,0.000063320,7981573644.43,1696161599999.0,506980.85065657,4692.0,3320373305.49,210948.03021616,0.0
3,2023-10-01 12:00:00,0.000063310,0.000064370,0.000063000,0.000063490,14755322125.8,1696175999999.0,938412.04781214,5980.0,7033757148.23,447325.98016033,0.0
4,2023-10-01 16:00:00,0.000063500,0.000063980,0.000063170,0.000063300,9751265823.1,1696190399999.0,619905.25978572,4385.0,4569247507.68,290528.8740335,0.0
5,2023-10-01 20:00:00,0.000063290,0.000065210,0.000063070,0.000064440,14707104196.16,1696204799999.0,945743.01847368,5505.0,6896814555.24,443404.15474311,0.0
6,2023-10-02 00:00:00,0.000064470,0.000064660,0.000064050,0.000064340,9525406264.78,1696219199999.0,612780.39583159,4018.0,4025526799.97,259077.23330893,0.0
7,2023-10-02 04:00:00,0.000064340,0.000064950,0.000063670,0.000064410,12969269302.67,1696233599999.0,834412.71032407,5604.0,5727852092.86,368544.63773895,0.0
8,2023-10-02 08:00:00,0.000064410,0.000064550,0.000063750,0.000063840,9867572736.31,1696247999999.0,632972.11020122,4394.0,4511360773.79,289577.06820854,0.0
9,2023-10-02 12:00:00,0.000063840,0.000064060,0.000062510,0.000062770,17378987550.33,1696262399999.0,1103261.99956625,6988.0,6536452841.45,414690.97747776,0.0
10,2023-10-02 16:00:00,0.000062760,0.000063000,0.000060520,0.000061840,20487636584.75,1696276799999.0,1267791.42403349,7941.0,8533074574.93,527132.87923323,0.0
11,2023-10-02 20:00:00,0.000061840,0.000061890,0.000060890,0.000061570,7981968132.91,1696291199999.0,491104.79597362,3069.0,3718077131.6,228778.55329302,0.0
12,2023-10-03 00:00:00,0.000061570,0.000061850,0.000061300,0.000061620,4824599335.07,1696305599999.0,297148.16555674,2496.0,1968780198.34,121254.35223655,0.0
13,2023-10-03 04:00:00,0.000061650,0.000061760,0.000061170,0.000061430,6827856537.24,1696319999999.0,419339.97684639,3522.0,3601806340.78,221189.56272553,0.0
14,2023-10-03 08:00:00,0.000061420,0.000061600,0.000060790,0.000061100,6274129498.81,1696334399999.0,383971.38048325,3938.0,2645482666.89,161939.27765954,0.0
15,2023-10-03 12:00:00,0.000061100,0.000061260,0.000060120,0.000060300,10220139871.94,1696348799999.0,620145.8877696,6377.0,4208457728.5,255463.65288795,0.0
16,2023-10-03 16:00:00,0.000060290,0.000060750,0.000059790,0.000059940,9359344980.49,1696363199999.0,564412.98922572,5294.0,4809358794.39,290007.9053733,0.0
17,2023-10-03 20:00:00,0.000059950,0.000060410,0.000059340,0.000060100,8538995614.2,1696377599999.0,512534.96401659,4001.0,4809874760.39,288787.57212431,0.0
18,2023-10-04 00:00:00,0.000060110,0.000060130,0.000056000,0.000058850,23981624381.83,1696391999999.0,1399370.62431968,10306.0,11044059035.25,644265.0671447,0.0
19,2023-10-04 04:00:00,0.000058840,0.000059170,0.000058410,0.000059090,8438580254.17,1696406399999.0,495049.80743286,3654.0,3449517690.0,202456.7918842,0.0
20,2023-10-04 08:00:00,0.000059100,0.000059620,0.000058850,0.000059030,9848993286.51,1696420799999.0,582752.3892043,4416.0,4542777354.96,268895.14553659,0.0
21,2023-10-04 12:00:00,0.000059030,0.000059110,0.000058250,0.000058360,7282702602.37,1696435199999.0,427090.48058469,4290.0,3382208976.8,198358.17909927,0.0
22,2023-10-04 16:00:00,0.000058350,0.000059150,0.000058290,0.000058750,8817732704.95,1696449599999.0,518380.2344724,4158.0,4299425240.43,252708.19507626,0.0
23,2023-10-04 20:00:00,0.000058710,0.000059420,0.000058520,0.000058990,5342123935.3,1696463999999.0,314949.10478723,2190.0,2628622838.98,155008.33325434,0.0
24,2023-10-05 00:00:00,0.000059000,0.000059390,0.000058600,0.000058880,4091649796.08,1696478399999.0,241325.26604505,2722.0,2002394779.47,118075.31788746,0.0
25,2023-10-05 04:00:00,0.000058850,0.000059320,0.000058790,0.000058990,4334688229.49,1696492799999.0,256126.96771552,2986.0,2251433642.43,133088.60842229,0.0
26,2023-10-05 08:00:00,0.000058990,0.000059220,0.000058460,0.000058490,5617442356.68,1696507199999.0,330738.13309656,3352.0,2606244241.56,153494.89270147,0.0
27,2023-10-05 12:00:00,0.000058510,0.000058870,0.000057700,0.000058060,10366779728.17,1696521599999.0,605139.27251193,6124.0,4987427462.82,291265.87766088,0.0
28,2023-10-05 16:00:00,0.000058030,0.000058300,0.000057760,0.000058020,5764089319.76,1696535999999.0,334206.3727186,2654.0,2717052150.07,157588.31619305,0.0
29,2023-10-05 20:00:00,0.000058030,0.000058200,0.000057710,0.000057730,5089125841.38,1696550399999.0,294793.47504799,2563.0,2138902663.81,123940.83474019,0.0
30,2023-10-06 00:00:00,0.000057760,0.000058340,0.000057350,0.000058200,4363900888.75,1696564799999.0,252898.90697775,2354.0,2163159726.92,125420.81239413,0.0
31,2023-10-06 04:00:00,0.000058170,0.000058730,0.000057960,0.000058720,5551865109.91,1696579199999.0,323930.89563666,2998.0,2849492427.09,166325.7443476,0.0
32,2023-10-06 08:00:00,0.000058700,0.000058870,0.000058170,0.000058310,7905571660.49,1696593599999.0,462401.9229869,3037.0,3417311900.71,199978.16702381,0.0
33,2023-10-06 12:00:00,0.000058320,0.000058920,0.000057760,0.000058740,11147838939.02,1696607999999.0,651029.90309623,5410.0,5642638854.93,329551.96203185,0.0
34,2023-10-06 16:00:00,0.000058760,0.000059300,0.000058540,0.000059010,11690056054.19,1696622399999.0,688949.38556268,4309.0,6664097905.65,392687.47344715,0.0
35,2023-10-06 20:00:00,0.000059030,0.000059220,0.000058530,0.000058620,6273025795.33,1696636799999.0,369606.70278217,2051.0,2848558647.35,167860.08281364,0.0
36,2023-10-07 00:00:00,0.000058730,0.000058960,0.000058370,0.000058870,4008292784.0,1696651199999.0,235113.26235381,1675.0,1850528595.97,108491.74386632,0.0
37,2023-10-07 04:00:00,0.000058860,0.000059170,0.000058720,0.000058780,4968528401.47,1696665599999.0,292764.12696541,2267.0,2604414226.68,153523.20237946,0.0
38,2023-10-07 08:00:00,0.000058770,0.000059240,0.000058600,0.000058670,4708000611.52,1696679999999.0,277167.67858381,2171.0,2100629236.71,123723.86933001,0.0
39,2023-10-07 12:00:00,0.000058670,0.000058810,0.000058440,0.000058480,4006724175.92,1696694399999.0,234947.09398913,1900.0,1970952643.14,115562.93439184,0.0
40,2023-10-07 16:00:00,0.000058470,0.000058600,0.000058010,0.000058070,4926395814.97,1696708799999.0,287293.0925885,2298.0,2357816217.85,137506.18379636,0.0
41,2023-10-07 20:00:00,0.000058090,0.000058690,0.000058080,0.000058650,3091286978.61,1696723199999.0,180692.34160207,1465.0,1628210870.4,95151.07858288,0.0
42,2023-10-08 00:00:00,0.000058600,0.000058900,0.000058440,0.000058800,3614448357.82,1696737599999.0,212238.10693604,1756.0,2013972578.75,118299.75084833,0.0
43,2023-10-08 04:00:00,0.000058800,0.000058800,0.000058110,0.000058310,2811090202.53,1696751999999.0,164014.96659605,1467.0,993519209.4,57969.88551989,0.0
44,2023-10-08 08:00:00,0.000058350,0.000058460,0.000057810,0.000057960,5568440648.71,1696766399999.0,323352.66066751,2418.0,2073531179.48,120480.08737626,0.0
45,2023-10-08 12:00:00,0.000057950,0.000058400,0.000057920,0.000058190,3235760664.0,1696780799999.0,188247.99287818,1849.0,1571612808.29,91432.8626942,0.0
46,2023-10-08 16:00:00,0.000058190,0.000058350,0.000057950,0.000058290,4008063031.7,1696795199999.0,233007.61695759,1609.0,2050089257.8,119198.70926922,0.0
47,2023-10-08 20:00:00,0.000058290,0.000058340,0.000057860,0.000058080,2611771675.99,1696809599999.0,151688.33004279,1148.0,1067526000.66,62000.46466158,0.0
48,2023-10-09 00:00:00,0.000058040,0.000058260,0.000057730,0.000058090,2604576982.82,1696823999999.0,151054.61288076,1567.0,1357594389.24,78721.85124531,0.0
49,2023-10-09 04:00:00,0.000058100,0.000058210,0.000057640,0.000057730,2709664837.07,1696838399999.0,157116.47205517,1789.0,1286767182.76,74647.18046277,0.0
50,2023-10-09 08:00:00,0.000057740,0.000057830,0.000054600,0.000056110,18070124582.91,1696852799999.0,1015918.04394334,11027.0,7928308699.67,445302.67294273,0.0
51,2023-10-09 12:00:00,0.000056060,0.000056470,0.000055860,0.000056020,6860434536.33,1696867199999.0,385382.13062666,4158.0,3422828010.21,192315.60132359,0.0
52,2023-10-09 16:00:00,0.000056040,0.000056420,0.000054590,0.000056110,11449590845.37,1696881599999.0,639352.60821323,5716.0,4887234260.45,273411.11972906,0.0
53,2023-10-09 20:00:00,0.000056090,0.000056240,0.000055600,0.000055920,4748221401.8,1696895999999.0,265441.70279046,2232.0,1985337634.07,111022.79338744,0.0
54,2023-10-10 00:00:00,0.000055900,0.000056450,0.000055850,0.000056250,3674527844.28,1696910399999.0,206171.52311863,2166.0,1887997360.9,105933.34592718,0.0
55,2023-10-10 04:00:00,0.000056300,0.000056490,0.000056040,0.000056240,3439565436.23,1696924799999.0,193490.02640001,2182.0,1497262298.23,84246.94357845,0.0
56,2023-10-10 08:00:00,0.000056250,0.000056860,0.000056130,0.000056460,7398779869.12,1696939199999.0,417965.58055278,3416.0,3412466250.24,192895.83836433,0.0
57,2023-10-10 12:00:00,0.000056470,0.000058490,0.000056290,0.000057880,23808788222.78,1696953599999.0,1365864.35106712,12477.0,12872963524.27,739154.48778467,0.0
58,2023-10-10 16:00:00,0.000057880,0.000059450,0.000056950,0.000057140,31209624650.87,1696967999999.0,1807886.78412367,15184.0,14850813733.49,861515.28026112,0.0
59,2023-10-10 20:00:00,0.000057130,0.000057700,0.000056600,0.000057650,6173584531.39,1696982399999.0,353226.48273526,3064.0,3108507755.92,177964.57207882,0.0
60,2023-10-11 00:00:00,0.000057660,0.000058110,0.000056290,0.000056770,10244914121.25,1696996799999.0,587235.43532926,4897.0,5335672290.92,306147.83248612,0.0
61,2023-10-11 04:00:00,0.000056800,0.000057050,0.000056110,0.000056110,7372276546.34,1697011199999.0,417203.43040671,3589.0,2832040384.96,160398.83940526,0.0
62,2023-10-11 08:00:00,0.000056100,0.000057000,0.000056100,0.000056540,12822969653.09,1697025599999.0,725698.59506613,4695.0,6941711641.61,393028.23348036,0.0
63,2023-10-11 12:00:00,0.000056570,0.000056630,0.000055550,0.000056030,8077581946.22,1697039999999.0,453974.91247206,4029.0,3591541412.8,201985.2048766,0.0
64,2023-10-11 16:00:00,0.000056020,0.000056390,0.000055760,0.000056200,5407544631.89,1697054399999.0,303184.54923649,2697.0,2702808483.59,151583.37201311,0.0
65,2023-10-11 20:00:00,0.000056250,0.000056800,0.000056100,0.000056600,5540353392.97,1697068799999.0,313039.30321178,2024.0,2236730961.1,126401.8492294,0.0
66,2023-10-12 00:00:00,0.000056600,0.000056770,0.000056250,0.000056620,3201566489.44,1697083199999.0,180925.58301408,1383.0,1546908244.08,87452.51785289,0.0
67,2023-10-12 04:00:00,0.000056600,0.000056660,0.000056170,0.000056300,4740300573.47,1697097599999.0,267308.00721594,2286.0,1843264828.78,103977.40664696,0.0
68,2023-10-12 08:00:00,0.000056300,0.000056350,0.000055440,0.000056220,8198543798.02,1697111999999.0,459018.69982076,4138.0,3302302848.05,184967.64463849,0.0
69,2023-10-12 12:00:00,0.000056210,0.000057250,0.000056080,0.000057160,9956622817.78,1697126399999.0,562803.5672711,4300.0,4420172959.01,250024.69126637,0.0
70,2023-10-12 16:00:00,0.000057140,0.000057260,0.000056250,0.000056590,10558345650.52,1697140799999.0,599421.62251,4260.0,4871876200.8,276726.25821314,0.0
71,2023-10-12 20:00:00,0.000056570,0.000057040,0.000056530,0.000057000,3209715474.82,1697155199999.0,182154.14311633,1638.0,1741178167.58,98863.33571316,0.0
72,2023-10-13 00:00:00,0.000056990,0.000057600,0.000056920,0.000057170,7201418423.77,1697169599999.0,412607.21341446,2932.0,3915642146.19,224363.83850134,0.0
73,2023-10-13 04:00:00,0.000057180,0.000057280,0.000056800,0.000056870,3967391569.67,1697183999999.0,226257.79515416,1862.0,1405167835.28,80148.56076586,0.0
74,2023-10-13 08:00:00,0.000056870,0.000057180,0.000056770,0.000057040,6015742108.38,1697198399999.0,342457.76478417,2404.0,2971020444.4,169177.39160744,0.0
75,2023-10-13 12:00:00,0.000057040,0.000057210,0.000056810,0.000056900,3409306432.96,1697212799999.0,194418.24891493,2096.0,1339289025.93,76414.15675101,0.0
76,2023-10-13 16:00:00,0.000056890,0.000057320,0.000056870,0.000057030,4731820674.03,1697227199999.0,269924.42501807,2457.0,2231266451.7,127302.467007,0.0
77,2023-10-13 20:00:00,0.000057010,0.000057760,0.000057010,0.000057680,6576245610.61,1697241599999.0,377892.7403963,3628.0,3574160933.94,205356.3910191,0.0
78,2023-10-14 00:00:00,0.000057690,0.000058000,0.000057530,0.000057790,2950287875.44,1697255999999.0,170386.45691959,1719.0,1395840045.19,80643.98759444,0.0
79,2023-10-14 04:00:00,0.000057810,0.000057820,0.000057200,0.000057250,4221077696.86,1697270399999.0,242526.06332163,1991.0,1182184306.67,67978.60100941,0.0
80,2023-10-14 08:00:00,0.000057250,0.000057650,0.000057200,0.000057530,4246993477.16,1697284799999.0,243876.77865073,2243.0,2031845621.44,116689.37432684,0.0
81,2023-10-14 12:00:00,0.000057530,0.000057770,0.000057320,0.000057770,5109006606.14,1697299199999.0,293739.19498917,2748.0,2235241795.07,128528.28269085,0.0
82,2023-10-14 16:00:00,0.000057750,0.000057820,0.000057510,0.000057700,4060594545.9,1697313599999.0,234095.22389066,2298.0,1657171079.02,95557.35741079,0.0
83,2023-10-14 20:00:00,0.000057690,0.000057790,0.000057500,0.000057630,3431008160.38,1697327999999.0,197816.47238184,1758.0,1391391117.58,80223.26606404,0.0
84,2023-10-15 00:00:00,0.000057630,0.000058080,0.000057360,0.000057640,5921547280.29,1697342399999.0,341846.97655144,2452.0,3216497070.2,185872.46273399,0.0
85,2023-10-15 04:00:00,0.000057650,0.000057910,0.000057520,0.000057910,4620731363.34,1697356799999.0,266824.67677636,2067.0,2211076898.53,127676.98099319,0.0
86,2023-10-15 08:00:00,0.000057910,0.000058800,0.000057700,0.000057880,12067584522.7,1697371199999.0,703015.86301186,4859.0,5305622725.42,309214.03755722,0.0
87,2023-10-15 12:00:00,0.000057870,0.000057880,0.000057140,0.000057490,8879129943.35,1697385599999.0,510538.02392866,4246.0,4227991607.83,243057.01021014,0.0
88,2023-10-15 16:00:00,0.000057490,0.000057750,0.000057350,0.000057550,6961794038.19,1697399999999.0,400827.88333991,3243.0,2660374995.16,153203.55935366,0.0
89,2023-10-15 20:00:00,0.000057560,0.000058130,0.000057330,0.000057490,4429082137.48,1697414399999.0,255366.58212536,2409.0,2381356199.94,137312.35607268,0.0
90,2023-10-16 00:00:00,0.000057500,0.000057720,0.000057360,0.000057720,4074744734.22,1697428799999.0,234463.77506275,1630.0,1702101276.49,97955.42949624,0.0
91,2023-10-16 04:00:00,0.000057710,0.000058770,0.000057530,0.000058100,11879749318.67,1697443199999.0,691621.90208952,5814.0,5453668372.9,317462.86680351,0.0
92,2023-10-16 08:00:00,0.000058140,0.000058310,0.000057770,0.000057900,7809481472.62,1697457599999.0,452961.91688506,3038.0,2953147710.63,171273.27112619,0.0
93,2023-10-16 12:00:00,0.000057900,0.000059220,0.000057400,0.000057840,19528624668.38,1697471999999.0,1136643.68478275,8971.0,9990054941.54,581515.4285488,0.0
94,2023-10-16 16:00:00,0.000057830,0.000058100,0.000057490,0.000057790,6200117987.67,1697486399999.0,357847.2563922,3243.0,2602435340.91,150270.43470173,0.0
95,2023-10-16 20:00:00,0.000057800,0.000058290,0.000057660,0.000057960,4087659559.71,1697500799999.0,236993.51345742,2151.0,1865518203.69,108185.46506834,0.0
96,2023-10-17 00:00:00,0.000057950,0.000058270,0.000057680,0.000057720,4262657075.06,1697515199999.0,246827.31734597,2789.0,1825174197.0,105774.48825914,0.0
97,2023-10-17 04:00:00,0.000057750,0.000057890,0.000057160,0.000057370,6929271625.76,1697529599999.0,398310.3226148,4141.0,2926260758.77,168256.60242254,0.0
98,2023-10-17 08:00:00,0.000057360,0.000057460,0.000056860,0.000056900,8380097585.02,1697543999999.0,478893.64832619,5278.0,2214833550.46,126585.91619922,0.0
99,2023-10-17 12:00:00,0.000056890,0.000056910,0.000055030,0.000056210,13695811005.03,1697558399999.0,770007.71632847,6400.0,5800754765.07,326234.00604099,0.0
100,2023-10-17 16:00:00,0.000056200,0.000056530,0.000055780,0.000056170,8642430889.72,1697572799999.0,485726.21918644,3822.0,4761421037.58,267816.09946049,0.0
101,2023-10-17 20:00:00,0.000056160,0.000056180,0.000055820,0.000056000,4105782524.32,1697587199999.0,229978.62396092,1793.0,2069289289.04,115909.4403406,0.0
102,2023-10-18 00:00:00,0.000055990,0.000056290,0.000055500,0.000056290,3974536022.09,1697601599999.0,222160.3238543,2573.0,1779256122.94,99505.3969076,0.0
103,2023-10-18 04:00:00,0.000056290,0.000056820,0.000056000,0.000056080,7983931622.3,1697615999999.0,449545.48414621,3158.0,3377323458.15,190229.21307815,0.0
104,2023-10-18 08:00:00,0.000056070,0.000056280,0.000055790,0.000056000,6445394072.17,1697630399999.0,361295.51519159,2298.0,2045000535.77,114624.59178427,0.0
105,2023-10-18 12:00:00,0.000056010,0.000056120,0.000055550,0.000055740,6402258250.42,1697644799999.0,357395.86369058,3476.0,2899576053.41,161837.98299268,0.0
106,2023-10-18 16:00:00,0.000055730,0.000055990,0.000055550,0.000055740,5410584802.09,1697659199999.0,301739.34895183,2699.0,2501141751.57,139499.92326401,0.0
107,2023-10-18 20:00:00,0.000055730,0.000055870,0.000055330,0.000055410,3689364633.55,1697673599999.0,205079.41469968,2448.0,1798192219.64,99970.00911274,0.0
108,2023-10-19 00:00:00,0.000055410,0.000055560,0.000054190,0.000055080,10458103815.67,1697687999999.0,574805.89881093,5226.0,4582269199.48,251859.03783018,0.0
109,2023-10-19 04:00:00,0.000055060,0.000055380,0.000054970,0.000055300,3115730316.43,1697702399999.0,171916.66104011,1998.0,1304093894.33,71981.45168145,0.0
110,2023-10-19 08:00:00,0.000055300,0.000055390,0.000054970,0.000055290,6873429522.88,1697716799999.0,379629.22967962,3413.0,2717614420.97,150104.48710423,0.0
111,2023-10-19 12:00:00,0.000055290,0.000055560,0.000055100,0.000055130,6339090890.75,1697731199999.0,350607.86265431,3399.0,2350193524.15,130009.68795185,0.0
112,2023-10-19 16:00:00,0.000055130,0.000055530,0.000055070,0.000055460,5527960326.39,1697745599999.0,305548.6455885,3057.0,2370528068.52,130997.41620492,0.0
113,2023-10-19 20:00:00,0.000055470,0.000055660,0.000055180,0.000055420,5172338011.62,1697759999999.0,286487.0189285,2550.0,1963504552.01,108735.51939735,0.0
114,2023-10-20 00:00:00,0.000055420,0.000056250,0.000054980,0.000056020,8843940569.26,1697774399999.0,491703.7287859,4175.0,3689123756.06,205405.25206302,0.0
115,2023-10-20 04:00:00,0.000056020,0.000056240,0.000055880,0.000056050,8591211688.09,1697788799999.0,481569.75777045,3576.0,3724376024.86,208831.96859896,0.0
116,2023-10-20 08:00:00,0.000056040,0.000057210,0.000056030,0.000056690,18970073214.21,1697803199999.0,1075846.09996068,6809.0,9799705365.31,555808.12993619,0.0
117,2023-10-20 12:00:00,0.000056700,0.000056800,0.000056250,0.000056350,7851536831.25,1697817599999.0,443383.69111632,3762.0,3243784907.21,183199.94655505,0.0
118,2023-10-20 16:00:00,0.000056340,0.000056690,0.000056210,0.000056560,4759840036.95,1697831999999.0,268914.65712045,2364.0,1706274314.48,96390.06086406,0.0
119,2023-10-20 20:00:00,0.000056550,0.000056910,0.000056500,0.000056700,6891924857.34,1697846399999.0,391003.61651471,1665.0,3733979574.97,211870.06027588,0.0
120,2023-10-21 00:00:00,0.000056720,0.000057690,0.000056600,0.000057490,11441001834.92,1697860799999.0,654156.36762047,3969.0,6830723884.89,390883.43306793,0.0
121,2023-10-21 04:00:00,0.000057480,0.000057740,0.000056980,0.000057260,8907187496.9,1697875199999.0,510179.7878332,3489.0,4092648445.35,234514.6875911,0.0
122,2023-10-21 08:00:00,0.000057260,0.000057820,0.000057050,0.000057810,8120254652.12,1697889599999.0,465406.39217008,3600.0,4008507002.51,229861.1189507,0.0
123,2023-10-21 12:00:00,0.000057800,0.000058850,0.000057560,0.000058410,21491020703.07,1697903999999.0,1252609.05380318,8386.0,9691496739.24,564959.45373138,0.0
124,2023-10-21 16:00:00,0.000058390,0.000058890,0.000058180,0.000058380,12545969464.01,1697918399999.0,733855.40194029,4915.0,5245353870.44,306917.57308733,0.0
125,2023-10-21 20:00:00,0.000058390,0.000058470,0.000057820,0.000058030,8778479133.84,1697932799999.0,510289.23114926,2732.0,3737715784.65,217266.57265685,0.0
126,2023-10-22 00:00:00,0.000058050,0.000058380,0.000057610,0.000057710,4607005702.89,1697947199999.0,266926.15184535,1852.0,2561146486.05,148442.96674009,0.0
127,2023-10-22 04:00:00,0.000057730,0.000058440,0.000056820,0.000057550,12256095549.74,1697961599999.0,708276.37976658,3944.0,5522606589.1,319288.6180743,0.0
128,2023-10-22 08:00:00,0.000057540,0.000057790,0.000057200,0.000057420,8821447049.35,1697975999999.0,507476.65302335,2834.0,3935658239.98,226423.83451146,0.0
129,2023-10-22 12:00:00,0.000057420,0.000057810,0.000057200,0.000057500,7081729632.04,1697990399999.0,407195.74324057,3286.0,3221019756.75,185285.91016071,0.0
130,2023-10-22 16:00:00,0.000057500,0.000058010,0.000057460,0.000057940,7997341468.9,1698004799999.0,462460.01531114,2777.0,3546399880.76,205048.21332207,0.0
131,2023-10-22 20:00:00,0.000057930,0.000058680,0.000057560,0.000058620,7174365653.25,1698019199999.0,416882.84193313,3454.0,3442339276.05,200187.8519219,0.0
132,2023-10-23 00:00:00,0.000058620,0.000059480,0.000058240,0.000059280,13488349810.57,1698033599999.0,795192.92890955,5678.0,6732874096.25,396741.78523068,0.0
133,2023-10-23 04:00:00,0.000059290,0.000059490,0.000057880,0.000058310,18375661297.61,1698047999999.0,1082188.44609347,5766.0,9038364905.52,532554.68730145,0.0
134,2023-10-23 08:00:00,0.000058310,0.000058690,0.000057870,0.000058360,10954777172.04,1698062399999.0,638946.93025926,4153.0,4852899671.07,283122.07709875,0.0
135,2023-10-23 12:00:00,0.000058360,0.000058480,0.000057790,0.000058070,9929973221.94,1698076799999.0,577051.48844341,3869.0,4785684129.98,278134.10969814,0.0
136,2023-10-23 16:00:00,0.000058080,0.000058940,0.000057960,0.000058930,11009115098.12,1698091199999.0,643637.41400126,4742.0,5185950837.04,303320.30045364,0.0
137,2023-10-23 20:00:00,0.000058930,0.000060580,0.000058560,0.000060260,23448351565.79,1698105599999.0,1399230.23220863,8501.0,11457599576.85,683910.81004509,0.0
138,2023-10-24 00:00:00,0.000060270,0.000061770,0.000060060,0.000060320,34633495085.89,1698119999999.0,2114228.94211802,11721.0,16101829921.69,983568.14484436,0.0
139,2023-10-24 04:00:00,0.000060280,0.000061520,0.000059730,0.000060490,27624985471.31,1698134399999.0,1671445.96971479,9924.0,12920304167.1,781477.35459786,0.0
140,2023-10-24 08:00:00,0.000060490,0.000061860,0.000060350,0.000061820,31440456466.59,1698148799999.0,1925920.325605,8899.0,14277729582.81,874237.50219387,0.0
141,2023-10-24 12:00:00,0.000061810,0.000062480,0.000058280,0.000059690,39795878349.51,1698163199999.0,2418867.73794488,15437.0,17554808924.42,1065634.20368521,0.0
142,2023-10-24 16:00:00,0.000059700,0.000060940,0.000059070,0.000060470,19406510141.07,1698177599999.0,1169888.49405763,6930.0,8769243329.13,528619.51363174,0.0
143,2023-10-24 20:00:00,0.000060470,0.000060980,0.000059350,0.000060620,11326382976.08,1698191999999.0,685628.18352466,4065.0,5176795066.03,313356.21844577,0.0
144,2023-10-25 00:00:00,0.000060590,0.000061960,0.000060480,0.000060880,11639707952.57,1698206399999.0,712021.86564568,4796.0,4964488832.74,303677.87847051,0.0
145,2023-10-25 04:00:00,0.000060900,0.000061680,0.000059970,0.000060410,16877395975.22,1698220799999.0,1029988.15411419,5673.0,8017528805.27,489205.45941291,0.0
146,2023-10-25 08:00:00,0.000060410,0.000060770,0.000059940,0.000060450,11474713960.67,1698235199999.0,692587.92345369,3957.0,4857534820.89,293328.15885698,0.0
147,2023-10-25 12:00:00,0.000060480,0.000064650,0.000060410,0.000063090,47439734787.13,1698249599999.0,2965450.49559483,17504.0,23035302423.08,1441193.24318104,0.0
148,2023-10-25 16:00:00,0.000063060,0.000069000,0.000062890,0.000063630,130345463447.1,1698263999999.0,8514912.64298125,47580.0,61578702824.93,4028984.8061363,0.0
149,2023-10-25 20:00:00,0.000063630,0.000065230,0.000063110,0.000065050,24653441752.57,1698278399999.0,1576381.94971811,8964.0,12455313180.58,796631.2449107,0.0
150,2023-10-26 00:00:00,0.000065060,0.000065060,0.000063160,0.000064030,25874615851.04,1698292799999.0,1660975.37543265,9555.0,11167694175.81,717088.1465544,0.0
151,2023-10-26 04:00:00,0.000064040,0.000064750,0.000063000,0.000064130,25614700963.83,1698307199999.0,1639290.23417866,9152.0,11118395284.83,711719.89245658,0.0
152,2023-10-26 08:00:00,0.000064130,0.000067420,0.000063520,0.000064360,77784578727.78,1698321599999.0,5091045.17773567,26859.0,38403264701.88,2516867.80938455,0.0
153,2023-10-26 12:00:00,0.000064350,0.000065010,0.000061000,0.000062010,43759744623.76,1698335999999.0,2757192.48235097,17036.0,18558700459.69,1168735.68402087,0.0
154,2023-10-26 16:00:00,0.000061980,0.000063250,0.000061910,0.000063010,30119695294.13,1698350399999.0,1885231.84119255,9352.0,13094219001.74,820334.12899913,0.0
155,2023-10-26 20:00:00,0.000063050,0.000063580,0.000062780,0.000063110,12269003932.02,1698364799999.0,774922.29128165,3707.0,5067694615.85,320304.71924937,0.0
156,2023-10-27 00:00:00,0.000063110,0.000063290,0.000061530,0.000062600,8245589627.56,1698379199999.0,514651.44154359,3592.0,3122699595.66,195008.02760712,0.0
157,2023-10-27 04:00:00,0.000062590,0.000063260,0.000062180,0.000062580,7928751376.17,1698393599999.0,497440.59028366,3303.0,3315246097.91,207938.63160232,0.0
158,2023-10-27 08:00:00,0.000062600,0.000063970,0.000062550,0.000063630,13199610485.21,1698407999999.0,835349.34426104,4793.0,6084789850.72,385168.67615065,0.0
159,2023-10-27 12:00:00,0.000063610,0.000066980,0.000063240,0.000065480,50313166662.24,1698422399999.0,3288873.51103328,18320.0,24184832448.85,1581294.64524668,0.0
160,2023-10-27 16:00:00,0.000065480,0.000065850,0.000062500,0.000063890,31545522298.33,1698436799999.0,2023739.76968641,12031.0,13944724470.89,894148.51963756,0.0
161,2023-10-27 20:00:00,0.000063890,0.000064270,0.000063080,0.000063200,9733353351.72,1698451199999.0,619798.050715,3796.0,4167201116.55,265440.15834425,0.0
162,2023-10-28 00:00:00,0.000063200,0.000065480,0.000063130,0.000064980,18540005310.05,1698465599999.0,1196514.2847883,7566.0,9234142590.76,595777.84649449,0.0
163,2023-10-28 04:00:00,0.000064970,0.000065570,0.000064590,0.000064830,12811022613.58,1698479999999.0,832306.38886165,4701.0,5250510003.24,341074.5313535,0.0
164,2023-10-28 08:00:00,0.000064850,0.000065140,0.000064320,0.000064660,11387313474.61,1698494399999.0,737026.51468095,4164.0,4575227335.13,296188.78288497,0.0
165,2023-10-28 12:00:00,0.000064710,0.000066450,0.000064310,0.000065170,30231518427.51,1698508799999.0,1980815.39420978,11842.0,14289909815.58,936704.22719277,0.0
166,2023-10-28 16:00:00,0.000065200,0.000065370,0.000064500,0.000065080,9905370704.71,1698523199999.0,643556.30776189,4459.0,4535420925.02,294821.67077254,0.0
167,2023-10-28 20:00:00,0.000065110,0.000065270,0.000064540,0.000065000,5842404265.65,1698537599999.0,379466.92107491,3141.0,2875565135.29,186840.33243515,0.0
168,2023-10-29 00:00:00,0.000064980,0.000065320,0.000063540,0.000063980,11420907288.29,1698551999999.0,734727.7919469,4497.0,5233515329.82,336464.27898808,0.0
169,2023-10-29 04:00:00,0.000063970,0.000064620,0.000063860,0.000064330,6626709560.08,1698566399999.0,426018.09880924,2698.0,3528187429.54,226990.49955068,0.0
170,2023-10-29 08:00:00,0.000064350,0.000064660,0.000064020,0.000064410,8956276442.84,1698580799999.0,576723.30177691,3625.0,3305632712.19,212960.19185399,0.0
171,2023-10-29 12:00:00,0.000064400,0.000065050,0.000064240,0.000064700,10311242908.68,1698595199999.0,666498.05031406,4059.0,5183028774.39,335142.12799602,0.0
172,2023-10-29 16:00:00,0.000064700,0.000065300,0.000064050,0.000064870,17037361146.32,1698609599999.0,1103035.66878167,5710.0,6334265889.69,410315.35143192,0.0
173,2023-10-29 20:00:00,0.000064870,0.000065160,0.000064300,0.000064560,10366098017.39,1698623999999.0,671629.58275131,3533.0,3841748500.08,248955.01587106,0.0
174,2023-10-30 00:00:00,0.000064600,0.000065540,0.000064350,0.000065000,10986479615.21,1698638399999.0,713982.46372891,4140.0,5533937597.36,359690.71686304,0.0
175,2023-10-30 04:00:00,0.000065010,0.000065790,0.000064620,0.000065290,12318659831.87,1698652799999.0,803655.37673042,4439.0,6348262788.19,414211.04047208,0.0
176,2023-10-30 08:00:00,0.000065290,0.000066540,0.000065030,0.000065970,25020161493.21,1698667199999.0,1652544.33772199,7969.0,11757038139.67,776699.76576498,0.0
177,2023-10-30 12:00:00,0.000065950,0.000066490,0.000065180,0.000065770,18529807513.64,1698681599999.0,1221205.65122934,5814.0,8724326133.63,575522.84184488,0.0
178,2023-10-30 16:00:00,0.000065760,0.000066100,0.000064130,0.000065460,17570241130.65,1698695999999.0,1144181.71183436,7599.0,7835111839.74,510316.046024,0.0
179,2023-10-30 20:00:00,0.000065450,0.000065580,0.000065060,0.000065200,9570650236.47,1698710399999.0,625646.77295113,3179.0,3364235009.55,219885.09202303,0.0
180,2023-10-31 00:00:00,0.000065200,0.000066510,0.000065090,0.000065380,20203017912.83,1698724799999.0,1330932.07627049,6337.0,9188077759.79,605115.14681866,0.0
181,2023-10-31 04:00:00,0.000065400,0.000065840,0.000064650,0.000064780,9631931362.99,1698739199999.0,628647.16719811,4324.0,4026710750.92,263096.54924805,0.0
182,2023-10-31 08:00:00,0.000064790,0.000065040,0.000063810,0.000064880,16368354690.54,1698753599999.0,1056894.8683773,6996.0,6410820780.68,414116.57820354,0.0
183,2023-10-31 12:00:00,0.000064860,0.000065160,0.000061360,0.000062610,31513721554.82,1698767999999.0,1999136.85658901,12991.0,13392396987.22,848486.43538409,0.0
184,2023-10-31 16:00:00,0.000062610,0.000063460,0.000062270,0.000063270,13333327208.82,1698782399999.0,839681.60506025,5027.0,5509179669.22,346914.71207899,0.0
185,2023-10-31 20:00:00,0.000063280,0.000064060,0.000063180,0.000063800,12742142885.41,1698796799999.0,811607.11247557,3603.0,6684959504.29,425843.54177733,0.0
186,2023-11-01 00:00:00,0.000063800,0.000064070,0.000062610,0.000062930,11018981044.02,1698811199999.0,696711.81346393,3521.0,5101453687.09,322581.23498709,0.0
187,2023-11-01 04:00:00,0.000062920,0.000063030,0.000061550,0.000062190,11697545344.63,1698825599999.0,728114.34100823,4820.0,5517078767.6,343243.34823268,0.0
188,2023-11-01 08:00:00,0.000062170,0.000062590,0.000061510,0.000061930,14258515823.54,1698839999999.0,884602.93924119,5360.0,5405464825.77,335635.89689784,0.0
189,2023-11-01 12:00:00,0.000061920,0.000063180,0.000061500,0.000062410,24360038740.88,1698854399999.0,1518993.24723689,8008.0,11672960770.66,727802.19594893,0.0
190,2023-11-01 16:00:00,0.000062390,0.000064870,0.000062070,0.000064200,30621608429.88,1698868799999.0,1951460.21732793,8998.0,15871944252.44,1012052.78864778,0.0
191,2023-11-01 20:00:00,0.000064180,0.000065580,0.000064170,0.000064870,20255741739.33,1698883199999.0,1315344.05696894,6284.0,9529597723.38,619079.82496993,0.0
192,2023-11-02 00:00:00,0.000064870,0.000065840,0.000064300,0.000065470,25333691596.32,1698897599999.0,1649173.4855734,7010.0,9826358975.71,639981.47885504,0.0
193,2023-11-02 04:00:00,0.000065480,0.000065760,0.000064190,0.000064780,12389936878.03,1698911999999.0,803118.67436866,5529.0,5566394857.8,361044.43901132,0.0
194,2023-11-02 08:00:00,0.000064790,0.000065220,0.000064220,0.000064920,10588336865.62,1698926399999.0,686854.13671888,4538.0,5331351360.08,346001.69142328,0.0
195,2023-11-02 12:00:00,0.000064920,0.000065500,0.000062990,0.000063830,29758961472.07,1698940799999.0,1912547.3571037,10766.0,14583555545.53,938220.70947455,0.0
196,2023-11-02 16:00:00,0.000063830,0.000064380,0.000062500,0.000064310,15378203157.43,1698955199999.0,978415.78748204,5400.0,6945541606.93,442232.35895778,0.0
197,2023-11-02 20:00:00,0.000064290,0.000064430,0.000063590,0.000063890,6443606075.41,1698969599999.0,412426.55441178,3025.0,2732335293.8,174891.89817902,0.0
198,2023-11-03 00:00:00,0.000063880,0.000064030,0.000061610,0.000062770,15768633623.73,1698983999999.0,988523.81127824,5979.0,6863959422.9,430267.66977979,0.0
199,2023-11-03 04:00:00,0.000062820,0.000063570,0.000062180,0.000063250,13060964349.91,1698998399999.0,822746.49470815,4295.0,5344837286.46,337000.41028032,0.0
200,2023-11-03 08:00:00,0.000063240,0.000063410,0.000061990,0.000062550,11626230041.92,1699012799999.0,728722.40088773,5193.0,5306309395.12,332711.62441641,0.0
201,2023-11-03 12:00:00,0.000062560,0.000063620,0.000062280,0.000063600,12892187929.61,1699027199999.0,811309.84974123,6226.0,6373657316.13,401192.33030243,0.0
202,2023-11-03 16:00:00,0.000063590,0.000063860,0.000062870,0.000063410,10179058306.27,1699041599999.0,644851.30018243,4835.0,5119720488.89,324431.80602728,0.0
203,2023-11-03 20:00:00,0.000063410,0.000063850,0.000063240,0.000063720,6295544991.34,1699055999999.0,400456.63651958,2882.0,3150055618.77,200418.6448076,0.0
204,2023-11-04 00:00:00,0.000063720,0.000064500,0.000063500,0.000064370,7972678430.01,1699070399999.0,510647.41100153,4169.0,4088940812.38,262055.15723221,0.0
205,2023-11-04 04:00:00,0.000064380,0.000064660,0.000063800,0.000064220,8403300566.07,1699084799999.0,540469.37544249,4025.0,3398245265.86,218649.37177932,0.0
206,2023-11-04 08:00:00,0.000064240,0.000064680,0.000064000,0.000064300,9527695374.37,1699099199999.0,613772.27217235,4071.0,4564542524.37,294068.12702335,0.0
207,2023-11-04 12:00:00,0.000064290,0.000064700,0.000063650,0.000064010,12299726812.84,1699113599999.0,789847.32202749,4678.0,5505942336.52,353639.44094382,0.0
208,2023-11-04 16:00:00,0.000063990,0.000064500,0.000063880,0.000064470,6564779633.48,1699127999999.0,421742.15234842,3080.0,2937968203.08,188807.89721668,0.0
209,2023-11-04 20:00:00,0.000064430,0.000065280,0.000064310,0.000064860,10050596247.75,1699142399999.0,651413.11827035,3944.0,4405020464.33,285344.3792764,0.0
210,2023-11-05 00:00:00,0.000064850,0.000065360,0.000064620,0.000065260,9850891193.89,1699156799999.0,639786.48805193,3033.0,4396813523.54,285751.44557125,0.0
211,2023-11-05 04:00:00,0.000065250,0.000065290,0.000064480,0.000065050,7769786955.54,1699171199999.0,504454.64317263,3735.0,2975498131.48,193227.75273861,0.0
212,2023-11-05 08:00:00,0.000065050,0.000066050,0.000064950,0.000065870,22113316986.64,1699185599999.0,1450551.60013352,7181.0,9910497445.08,649842.44400314,0.0
213,2023-11-05 12:00:00,0.000065860,0.000066270,0.000064010,0.000064690,25816331430.29,1699199999999.0,1685006.96749106,10533.0,11420739436.96,745127.21860048,0.0
214,2023-11-05 16:00:00,0.000064690,0.000065460,0.000064610,0.000064890,12061046577.86,1699214399999.0,784969.85314151,4828.0,5927277048.03,385794.92810051,0.0
215,2023-11-05 20:00:00,0.000064850,0.000065240,0.000063580,0.000064880,13473188042.41,1699228799999.0,868875.67282675,5468.0,5625716466.23,362686.98323377,0.0
216,2023-11-06 00:00:00,0.000064910,0.000066450,0.000064540,0.000066060,16827725525.76,1699243199999.0,1105802.97125489,7344.0,7690274179.23,505648.17783781,0.0
217,2023-11-06 04:00:00,0.000066070,0.000066240,0.000064900,0.000065620,13394104164.34,1699257599999.0,877845.85144121,5732.0,5227989817.38,342693.0780261,0.0
218,2023-11-06 08:00:00,0.000065640,0.000066540,0.000065230,0.000066230,17671566871.96,1699271999999.0,1167854.05191786,7400.0,7985450400.32,527838.18060983,0.0
219,2023-11-06 12:00:00,0.000066230,0.000068390,0.000065730,0.000067850,40269042643.3,1699286399999.0,2701509.58146945,15465.0,20942088208.73,1406061.88991593,0.0
220,2023-11-06 16:00:00,0.000067840,0.000068000,0.000066260,0.000067530,20309742775.63,1699300799999.0,1363701.05261539,8851.0,8741709037.35,587089.40576636,0.0
221,2023-11-06 20:00:00,0.000067530,0.000068500,0.000066880,0.000067960,12231830803.02,1699315199999.0,829871.59019234,6432.0,5392037595.13,365819.69294626,0.0
222,2023-11-07 00:00:00,0.000067970,0.000068200,0.000066300,0.000067590,13904396913.75,1699329599999.0,936701.95826831,7555.0,6996877335.87,471696.15736041,0.0
223,2023-11-07 04:00:00,0.000067600,0.000068090,0.000067000,0.000067330,9508942381.14,1699343999999.0,642187.63814755,5147.0,4142332448.51,280039.02414465,0.0
224,2023-11-07 08:00:00,0.000067300,0.000067490,0.000065690,0.000066170,18084418425.38,1699358399999.0,1202954.72624402,8384.0,7921710477.16,527182.12347404,0.0
225,2023-11-07 12:00:00,0.000066170,0.000066920,0.000064510,0.000065230,24753810707.13,1699372799999.0,1629665.17240482,12239.0,12378605206.53,815621.36543547,0.0
226,2023-11-07 16:00:00,0.000065220,0.000066640,0.000064000,0.000066370,20035283005.48,1699387199999.0,1311292.26988997,10260.0,9523605744.84,623256.20259058,0.0
227,2023-11-07 20:00:00,0.000066380,0.000066940,0.000065870,0.000066230,10091444001.42,1699401599999.0,670547.78815949,5371.0,4518404700.73,300209.33853275,0.0
228,2023-11-08 00:00:00,0.000066230,0.000066390,0.000065540,0.000065960,6089816467.89,1699415999999.0,402145.2813101,3484.0,2991136135.78,197591.5027775,0.0
229,2023-11-08 04:00:00,0.000065960,0.000066670,0.000065600,0.000066390,7923868643.35,1699430399999.0,523921.97300255,4449.0,4219354232.89,278886.27662673,0.0
230,2023-11-08 08:00:00,0.000066390,0.000067540,0.000066260,0.000067020,13018238381.62,1699444799999.0,872277.40995138,6972.0,6634686356.45,444671.30683756,0.0
231,2023-11-08 12:00:00,0.000067000,0.000068450,0.000066800,0.000068430,21661975042.54,1699459199999.0,1462175.75422084,10520.0,11786171294.84,795951.70209882,0.0
232,2023-11-08 16:00:00,0.000068420,0.000069340,0.000067770,0.000068200,29018277373.83,1699473599999.0,1990322.32983737,13466.0,14084406902.18,966319.51814395,0.0
233,2023-11-08 20:00:00,0.000068190,0.000068370,0.000067590,0.000067950,17486381228.52,1699487999999.0,1189551.92418563,7125.0,7792002405.67,530110.01054981,0.0
234,2023-11-09 00:00:00,0.000067970,0.000072730,0.000067560,0.000070760,52655263204.55,1699502399999.0,3735374.16101754,31453.0,26193994447.64,1855836.45681253,0.0
235,2023-11-09 04:00:00,0.000070760,0.000073160,0.000070030,0.000071090,56659813685.29,1699516799999.0,4039839.16286548,25372.0,28344862235.37,2021100.26341792,0.0
236,2023-11-09 08:00:00,0.000071100,0.000071830,0.000070080,0.000071030,30315567248.06,1699531199999.0,2152994.2110158,14937.0,16198956196.61,1150955.56876183,0.0
237,2023-11-09 12:00:00,0.000071010,0.000072090,0.000069750,0.000070250,45411926246.88,1699545599999.0,3232076.08282925,29745.0,22310615195.42,1588583.76706444,0.0
238,2023-11-09 16:00:00,0.000070260,0.000070840,0.000059460,0.000065760,81575713285.28,1699559999999.0,5331983.11598914,43168.0,41495669334.24,2709314.08052909,0.0
239,2023-11-09 20:00:00,0.000065760,0.000067670,0.000064570,0.000067420,19829987673.19,1699574399999.0,1311152.48441803,11624.0,10358865389.66,685060.67885988,0.0
240,2023-11-10 00:00:00,0.000067500,0.000070160,0.000067150,0.000068800,23646954628.36,1699588799999.0,1630541.82983513,16128.0,11549420018.74,797138.42846884,0.0
241,2023-11-10 04:00:00,0.000068800,0.000076490,0.000068780,0.000074790,128236032615.92,1699603199999.0,9464024.53586917,71493.0,62494412454.3,4609679.92355037,0.0
242,2023-11-10 08:00:00,0.000074800,0.000075060,0.000071750,0.000072610,62943558292.8,1699617599999.0,4633519.3154662,34499.0,29615276066.09,2179868.4956642,0.0
243,2023-11-10 12:00:00,0.000072620,0.000080000,0.000069890,0.000079060,163379724258.94,1699631999999.0,12174558.38112292,75825.0,89989517216.98,6723823.05045611,0.0
244,2023-11-10 16:00:00,0.000079070,0.000097140,0.000078740,0.000090610,616572877949.25,1699646399999.0,54119289.20163805,297265.0,311519281162.24,27364811.42685497,0.0
245,2023-11-10 20:00:00,0.000090610,0.000093630,0.000087340,0.000091410,233918033448.32,1699660799999.0,21302415.43778409,119356.0,118517433920.39,10804575.34858157,0.0
246,2023-11-11 00:00:00,0.000091420,0.000094760,0.000084880,0.000085430,155256060325.3,1699675199999.0,13839089.46679036,99619.0,74773379155.48,6672039.77928267,0.0
247,2023-11-11 04:00:00,0.000085400,0.000086240,0.000078950,0.000079600,135435694329.15,1699689599999.0,11225495.67248586,69928.0,62865664076.29,5217971.10286963,0.0
248,2023-11-11 08:00:00,0.000079600,0.000084790,0.000078990,0.000083400,91209779182.86,1699703999999.0,7477504.78115228,45496.0,48454338455.23,3975151.5375761,0.0
249,2023-11-11 12:00:00,0.000083350,0.000084920,0.000082000,0.000082770,77735622595.21,1699718399999.0,6490557.25983261,39960.0,37362147203.68,3120846.78033872,0.0
250,2023-11-11 16:00:00,0.000082760,0.000085490,0.000082680,0.000085070,58553287164.77,1699732799999.0,4919259.01849621,26544.0,26583692055.27,2234559.02170285,0.0
251,2023-11-11 20:00:00,0.000085100,0.000085160,0.000081770,0.000083020,35187864311.94,1699747199999.0,2935711.03496863,20096.0,16895525394.25,1409321.59794746,0.0
252,2023-11-12 00:00:00,0.000083040,0.000083650,0.000078360,0.000080510,51900419862.68,1699761599999.0,4183684.1418564,30434.0,25367039804.46,2045573.52404446,0.0
253,2023-11-12 04:00:00,0.000080510,0.000084120,0.000079730,0.000083060,30297647457.71,1699775999999.0,2468447.94402665,17250.0,14761157117.75,1204376.77418388,0.0
254,2023-11-12 08:00:00,0.000083020,0.000089390,0.000082110,0.000085640,113051858881.78,1699790399999.0,9751173.65361829,63613.0,56725249663.71,4897680.40178548,0.0
255,2023-11-12 12:00:00,0.000085650,0.000085660,0.000082190,0.000084580,55096858817.57,1699804799999.0,4639231.09215115,28289.0,27086026769.25,2282058.12652811,0.0
256,2023-11-12 16:00:00,0.000084570,0.000084950,0.000082530,0.000083440,29380610231.48,1699819199999.0,2457434.1592909,15622.0,12495504195.52,1045397.00985464,0.0
257,2023-11-12 20:00:00,0.000083440,0.000084650,0.000082710,0.000084070,19451194376.24,1699833599999.0,1631319.2615522,11374.0,9085784605.87,761896.53363796,0.0
258,2023-11-13 00:00:00,0.000084060,0.000086700,0.000082120,0.000082660,41360073453.61,1699847999999.0,3512689.97541912,22369.0,20853875129.73,1772700.59236888,0.0
259,2023-11-13 04:00:00,0.000082630,0.000083960,0.000081860,0.000083760,24585953891.2,1699862399999.0,2041092.93331008,15292.0,12407391441.77,1030471.8507419,0.0
260,2023-11-13 08:00:00,0.000083770,0.000084590,0.000081900,0.000082370,28634531813.17,1699876799999.0,2392192.02251655,15629.0,12509521610.77,1046079.20360667,0.0
261,2023-11-13 12:00:00,0.000082320,0.000086200,0.000081050,0.000083400,50394514618.75,1699891199999.0,4198762.3714347,32533.0,24336239367.17,2028715.76714779,0.0
262,2023-11-13 16:00:00,0.000083380,0.000083540,0.000080950,0.000082340,30597749809.5,1699905599999.0,2515970.04172979,17719.0,14744894305.59,1213036.73749977,0.0
263,2023-11-13 20:00:00,0.000082360,0.000082600,0.000078300,0.000078490,43356041772.39,1699919999999.0,3468763.31777318,25938.0,18599325379.69,1486802.99651876,0.0
264,2023-11-14 00:00:00,0.000078500,0.000079100,0.000076110,0.000078970,37247212961.18,1699934399999.0,2888687.04072452,17853.0,18459870308.4,1430744.1045872,0.0
265,2023-11-14 04:00:00,0.000078970,0.000079970,0.000078700,0.000079380,15705878374.84,1699948799999.0,1247656.94400682,8982.0,7164391505.03,569236.26131279,0.0
266,2023-11-14 08:00:00,0.000079380,0.000079930,0.000076380,0.000077690,34598999330.86,1699963199999.0,2707314.65448695,15254.0,16922610468.69,1323089.30134152,0.0
267,2023-11-14 12:00:00,0.000077680,0.000079670,0.000077290,0.000078860,27495609974.11,1699977599999.0,2165403.2408375,16206.0,12835819204.19,1011031.37360038,0.0
268,2023-11-14 16:00:00,0.000078870,0.000079840,0.000074860,0.000076760,34700425592.39,1699991999999.0,2693508.45970812,21797.0,16979261254.96,1320312.484835,0.0
269,2023-11-14 20:00:00,0.000076730,0.000078210,0.000076640,0.000077790,14747820664.8,1700006399999.0,1142793.71576337,8094.0,6919892070.34,536080.7350687,0.0
270,2023-11-15 00:00:00,0.000077780,0.000081380,0.000077640,0.000080090,30597869048.68,1700020799999.0,2444440.86490752,19476.0,16571772067.41,1323945.00407056,0.0
271,2023-11-15 04:00:00,0.000080120,0.000082010,0.000079890,0.000081660,17318833483.26,1700035199999.0,1400917.91319104,10350.0,8193445698.88,662919.09231935,0.0
272,2023-11-15 08:00:00,0.000081650,0.000083710,0.000081100,0.000082480,24857796133.57,1700049599999.0,2044474.34107167,15887.0,12479288254.26,1026820.50337403,0.0
273,2023-11-15 12:00:00,0.000082490,0.000082950,0.000080410,0.000080820,26910954529.99,1700063999999.0,2192421.36819214,16331.0,12241122564.16,997401.74386229,0.0
274,2023-11-15 16:00:00,0.000080790,0.000082190,0.000079950,0.000082160,32653671331.71,1700078399999.0,2643983.92960971,17674.0,14907104990.02,1207182.73253042,0.0
275,2023-11-15 20:00:00,0.000082180,0.000082700,0.000081070,0.000082040,15461426303.07,1700092799999.0,1268366.33266767,9416.0,7892315978.75,647668.79325209,0.0
276,2023-11-16 00:00:00,0.000082060,0.000083480,0.000081800,0.000083030,18314984314.16,1700107199999.0,1512108.28971309,9807.0,9637348129.41,795800.53233016,0.0
277,2023-11-16 04:00:00,0.000083030,0.000085890,0.000082400,0.000083920,38304904023.67,1700121599999.0,3211863.15906408,21929.0,20273963509.88,1700840.20157441,0.0
278,2023-11-16 08:00:00,0.000083930,0.000084350,0.000081210,0.000082050,29635928035.98,1700135999999.0,2446664.88140027,18285.0,13124369939.1,1083611.54477027,0.0
279,2023-11-16 12:00:00,0.000082070,0.000082170,0.000078000,0.000079210,35810127683.06,1700150399999.0,2873590.99892318,23860.0,16957949844.96,1360188.15973442,0.0
280,2023-11-16 16:00:00,0.000079190,0.000080220,0.000076000,0.000078120,30458200578.14,1700164799999.0,2380154.20064768,21010.0,14600254380.46,1141458.72241517,0.0
281,2023-11-16 20:00:00,0.000078160,0.000078520,0.000076540,0.000077830,14638715482.36,1700179199999.0,1136324.83213943,10292.0,7703500706.42,598201.51633486,0.0
282,2023-11-17 00:00:00,0.000077800,0.000080940,0.000077680,0.000080460,14661399757.46,1700193599999.0,1167522.6269865,9561.0,7257278564.76,577254.92693584,0.0
283,2023-11-17 04:00:00,0.000080500,0.000080670,0.000078410,0.000078670,16368965129.14,1700207999999.0,1307780.35175654,8604.0,6011320482.95,480249.82927642,0.0
284,2023-11-17 08:00:00,0.000078630,0.000079620,0.000077100,0.000078190,23372555223.41,1700222399999.0,1835930.66490599,12517.0,11429888748.82,898283.23754343,0.0
285,2023-11-17 12:00:00,0.000078190,0.000079130,0.000075000,0.000075730,33710758131.41,1700236799999.0,2602182.30738377,22226.0,15697145552.14,1210753.7772944,0.0
286,2023-11-17 16:00:00,0.000075740,0.000077760,0.000075240,0.000077160,14260639662.68,1700251199999.0,1095492.14292502,10004.0,6485144595.33,497932.23617976,0.0
287,2023-11-17 20:00:00,0.000077190,0.000078740,0.000077020,0.000078510,10788291443.7,1700265599999.0,839547.40823152,5855.0,5341718442.8,415870.4153256,0.0
288,2023-11-18 00:00:00,0.000078500,0.000078650,0.000076280,0.000076360,8898228803.3,1700279999999.0,690747.34196795,5830.0,3980508004.16,309195.00809821,0.0
289,2023-11-18 04:00:00,0.000076410,0.000077310,0.000073100,0.000075510,21365775796.33,1700294399999.0,1600684.19754685,12615.0,10884704560.27,815800.72336044,0.0
290,2023-11-18 08:00:00,0.000075480,0.000076970,0.000071800,0.000076470,17642471865.93,1700308799999.0,1332990.60130936,10723.0,7745858496.23,586894.80514542,0.0
291,2023-11-18 12:00:00,0.000076360,0.000077660,0.000075640,0.000077100,27099997008.64,1700323199999.0,2078940.33742548,15299.0,13043134320.18,1000253.72694769,0.0
292,2023-11-18 16:00:00,0.000077110,0.000077420,0.000076010,0.000076930,16166826682.29,1700337599999.0,1240713.97191461,7556.0,7461262240.06,572777.69699024,0.0
293,2023-11-18 20:00:00,0.000076940,0.000077200,0.000076170,0.000077200,6234378580.58,1700351999999.0,478861.54857107,3594.0,3002901420.66,230634.98826543,0.0
294,2023-11-19 00:00:00,0.000077210,0.000077210,0.000075130,0.000076510,9193294764.81,1700366399999.0,698554.16707642,6176.0,4730038445.17,359327.48756189,0.0
295,2023-11-19 04:00:00,0.000076490,0.000077510,0.000076180,0.000077070,7513644377.48,1700380799999.0,577815.42354869,4353.0,3879815574.1,298311.07763752,0.0
296,2023-11-19 08:00:00,0.000077100,0.000077690,0.000075900,0.000076360,13905915322.96,1700395199999.0,1067414.66860084,7632.0,6391259530.98,490547.24848435,0.0
297,2023-11-19 12:00:00,0.000076340,0.000076670,0.000075790,0.000076290,11496339102.99,1700409599999.0,876229.0881952,6238.0,5829283406.08,444422.60290151,0.0
298,2023-11-19 16:00:00,0.000076290,0.000077310,0.000075930,0.000077220,11740364979.79,1700423999999.0,899134.05150589,5591.0,5741660430.27,439621.18013547,0.0
299,2023-11-19 20:00:00,0.000077240,0.000078160,0.000076580,0.000077760,9887484135.88,1700438399999.0,764668.10060978,5916.0,5160457330.75,399064.23687102,0.0
300,2023-11-20 00:00:00,0.000077790,0.000078590,0.000077360,0.000077620,12584597987.22,1700452799999.0,981293.05626671,7400.0,6249370239.39,487548.83179776,0.0
301,2023-11-20 04:00:00,0.000077610,0.000078070,0.000076800,0.000077380,9993608550.93,1700467199999.0,772358.75780298,5495.0,4195767538.15,324301.46694308,0.0
302,2023-11-20 08:00:00,0.000077380,0.000078150,0.000076970,0.000077460,17186736290.44,1700481599999.0,1333832.83973636,8533.0,8873792549.69,688460.36266941,0.0
303,2023-11-20 12:00:00,0.000077450,0.000077490,0.000075650,0.000076970,15751702840.98,1700495999999.0,1208794.96428664,9176.0,7178566589.13,551660.54704111,0.0
304,2023-11-20 16:00:00,0.000076980,0.000077500,0.000075650,0.000076170,17390051979.06,1700510399999.0,1330883.35100644,9804.0,7894877150.0,604168.63278546,0.0
305,2023-11-20 20:00:00,0.000076160,0.000076440,0.000074230,0.000075570,11748875524.13,1700524799999.0,886506.019658,8699.0,6023583784.08,454736.01734376,0.0
306,2023-11-21 00:00:00,0.000075570,0.000076990,0.000075080,0.000076340,9632420699.96,1700539199999.0,733551.35973102,7720.0,4916597183.87,374776.59252535,0.0
307,2023-11-21 04:00:00,0.000076350,0.000076650,0.000075300,0.000075330,7501296953.72,1700553599999.0,570434.60357019,5485.0,3087776850.6,234736.02313823,0.0
308,2023-11-21 08:00:00,0.000075380,0.000075980,0.000074930,0.000075000,9166730366.44,1700567999999.0,692291.73406929,6412.0,4237420643.08,320213.718249,0.0
309,2023-11-21 12:00:00,0.000074980,0.000075450,0.000071270,0.000073590,31805469206.02,1700582399999.0,2337475.67098277,20531.0,14489533479.94,1065661.53458602,0.0
310,2023-11-21 16:00:00,0.000073580,0.000074410,0.000069690,0.000071750,39880982493.09,1700596799999.0,2869458.04837689,26938.0,19401739487.05,1398041.12775331,0.0
311,2023-11-21 20:00:00,0.000071770,0.000072660,0.000068130,0.000069210,28768724826.68,1700611199999.0,2024914.70429828,12415.0,12076955023.53,851152.63674207,0.0
312,2023-11-22 00:00:00,0.000069200,0.000071480,0.000069050,0.000071350,10721408232.45,1700625599999.0,756407.36565414,4852.0,4698517655.92,331559.56015912,0.0
313,2023-11-22 04:00:00,0.000071350,0.000071880,0.000071010,0.000071400,10074835949.06,1700639999999.0,720523.10550197,3821.0,6097431960.96,436250.24205747,0.0
314,2023-11-22 08:00:00,0.000071410,0.000074320,0.000071250,0.000073020,38245526013.64,1700654399999.0,2796647.18949125,15933.0,19708273864.44,1443199.4397276,0.0
315,2023-11-22 12:00:00,0.000073020,0.000073200,0.000071630,0.000072720,26708561380.89,1700668799999.0,1934642.29924734,9871.0,12168198296.37,881310.83665698,0.0
316,2023-11-22 16:00:00,0.000072690,0.000074210,0.000072350,0.000074000,35194951509.96,1700683199999.0,2583876.43180576,14412.0,17936264030.36,1316574.91609335,0.0
317,2023-11-22 20:00:00,0.000074000,0.000074750,0.000073670,0.000074440,16998443286.92,1700697599999.0,1262443.35695295,7170.0,8034011459.57,596749.00633012,0.0
318,2023-11-23 00:00:00,0.000074450,0.000075100,0.000074110,0.000074470,9979786211.26,1700711999999.0,744684.80585907,4960.0,4794589319.12,357777.91207072,0.0
319,2023-11-23 04:00:00,0.000074480,0.000074890,0.000073820,0.000074430,11347723693.09,1700726399999.0,843994.52876917,5153.0,4854996760.6,361186.77373859,0.0
320,2023-11-23 08:00:00,0.000074410,0.000075300,0.000073380,0.000073700,17322326279.33,1700740799999.0,1288053.13711578,9474.0,8098333286.09,602705.57469156,0.0
321,2023-11-23 12:00:00,0.000073700,0.000074080,0.000072370,0.000072640,15433238495.67,1700755199999.0,1130859.41599959,9009.0,7176524806.4,525944.61470367,0.0
322,2023-11-23 16:00:00,0.000072680,0.000073500,0.000072640,0.000073280,9465418393.53,1700769599999.0,692136.31128026,5777.0,4865337877.75,355920.87277833,0.0
323,2023-11-23 20:00:00,0.000073260,0.000073930,0.000073200,0.000073590,4853754500.91,1700783999999.0,357216.38710228,3163.0,1988788842.11,146366.65415654,0.0
324,2023-11-24 00:00:00,0.000073650,0.000074680,0.000073590,0.000074480,6616345330.61,1700798399999.0,491275.4239217,4413.0,3212017712.31,238455.521019,0.0
325,2023-11-24 04:00:00,0.000074490,0.000074720,0.000074030,0.000074570,10039942298.77,1700812799999.0,746902.77479169,5387.0,4627757089.96,344369.47705168,0.0
326,2023-11-24 08:00:00,0.000074580,0.000075810,0.000074250,0.000074320,20694887473.69,1700827199999.0,1548520.32182508,11209.0,8623639056.56,645485.60198125,0.0
327,2023-11-24 12:00:00,0.000074320,0.000075160,0.000073770,0.000074770,13993812245.02,1700841599999.0,1041003.69525143,6902.0,6799666674.75,506076.80529839,0.0
328,2023-11-24 16:00:00,0.000074770,0.000075170,0.000074020,0.000074140,13629373088.89,1700855999999.0,1016269.34562059,6935.0,5375934344.09,400992.29415972,0.0
329,2023-11-24 20:00:00,0.000074140,0.000074760,0.000073650,0.000074190,7217561248.09,1700870399999.0,535805.42042508,4482.0,3532629586.34,262271.04503006,0.0
330,2023-11-25 00:00:00,0.000074240,0.000075400,0.000073730,0.000075210,10270402864.93,1700884799999.0,768419.20825071,6069.0,5766810751.59,431461.88810977,0.0
331,2023-11-25 04:00:00,0.000075200,0.000075370,0.000074600,0.000075280,7476783252.02,1700899199999.0,560541.2578238,4663.0,3321273775.24,249024.99365131,0.0
332,2023-11-25 08:00:00,0.000075320,0.000075560,0.000074150,0.000074580,13184517419.24,1700913599999.0,988819.86712793,7124.0,5556174871.26,416808.93270528,0.0
333,2023-11-25 12:00:00,0.000074570,0.000075100,0.000074130,0.000074770,9523331792.18,1700927999999.0,711490.09909954,5656.0,3846684911.76,287549.99798934,0.0
334,2023-11-25 16:00:00,0.000074760,0.000078700,0.000074760,0.000076810,78712637651.72,1700942399999.0,6089545.01384965,40176.0,39924834968.36,3087677.23192723,0.0
335,2023-11-25 20:00:00,0.000076810,0.000078300,0.000076100,0.000077870,33737741648.98,1700956799999.0,2607503.31797892,17127.0,18164376373.57,1404647.37897757,0.0
336,2023-11-26 00:00:00,0.000077860,0.000077990,0.000076580,0.000077930,15242601130.48,1700971199999.0,1179538.68511762,8351.0,6850110516.97,530358.00115224,0.0
337,2023-11-26 04:00:00,0.000077910,0.000082600,0.000077130,0.000081800,72045802577.36,1700985599999.0,5769499.97708989,39248.0,39064431663.66,3130173.61035156,0.0
338,2023-11-26 08:00:00,0.000081800,0.000083000,0.000078790,0.000081890,97548894875.49,1700999999999.0,7872425.38030783,58485.0,48074140206.53,3880123.91264919,0.0
339,2023-11-26 12:00:00,0.000081920,0.000095000,0.000079300,0.000093560,352557886371.27,1701014399999.0,31113181.32083654,234872.0,173400596045.61,15317121.50626819,0.0
340,2023-11-26 16:00:00,0.000093550,0.00011036,0.000092210,0.00010014,856645745907.23,1701028799999.0,84906682.76714727,553360.0,440817676093.62,43743690.68618112,0.0
341,2023-11-26 20:00:00,0.00010015,0.00010374,0.000097110,0.00010012,281203370254.84,1701043199999.0,28242849.30607289,167308.0,139171563914.34,13993980.13537785,0.0
342,2023-11-27 00:00:00,0.00010011,0.00010289,0.000093450,0.000094530,176706076383.67,1701057599999.0,17334226.82660402,118882.0,87545309460.04,8599518.54307597,0.0
343,2023-11-27 04:00:00,0.000094530,0.00012475,0.000092400,0.0001176,680671062848.28,1701071999999.0,75004704.49632563,477041.0,354456460331.35,39031228.47522289,0.0
344,2023-11-27 08:00:00,0.00011766,0.000129,0.00011352,0.00011785,581708787523.28,1701086399999.0,70178665.98238571,439235.0,290939245313.74,35107468.5517603,0.0
345,2023-11-27 12:00:00,0.00011783,0.00012436,0.00010816,0.00010906,431563220960.94,1701100799999.0,50286481.58540118,375989.0,212051133110.06,24710723.49050309,0.0
346,2023-11-27 16:00:00,0.00010907,0.00011002,0.000093410,0.000097160,393976903800.09,1701115199999.0,39882522.1497212,276580.0,191299563368.75,19359006.53720437,0.0
347,2023-11-27 20:00:00,0.000097150,0.00010322,0.000095500,0.00010152,152191436802.54,1701129599999.0,15218158.88476017,101516.0,81086468921.31,8111239.68497131,0.0
348,2023-11-28 00:00:00,0.00010148,0.00010317,0.000098690,0.00010053,86220096680.9,1701143999999.0,8712695.62169965,63518.0,42028064596.94,4252363.58565641,0.0
349,2023-11-28 04:00:00,0.00010049,0.000101,0.000091140,0.000093040,146354730510.22,1701158399999.0,13960232.61102358,92325.0,71482951672.81,6825838.37551335,0.0
350,2023-11-28 08:00:00,0.000093030,0.000097110,0.000092660,0.000096640,83476491799.49,1701172799999.0,7905815.17742991,47435.0,43113682666.96,4084928.11016221,0.0
351,2023-11-28 12:00:00,0.000096610,0.00010313,0.000094310,0.00010305,80366059529.63,1701187199999.0,7848034.66774083,55849.0,40919403212.94,4003150.77884479,0.0
352,2023-11-28 16:00:00,0.00010301,0.00012284,0.00010281,0.00011627,424184782313.37,1701201599999.0,48401417.22783058,379459.0,214458618370.78,24520401.17485017,0.0
353,2023-11-28 20:00:00,0.00011623,0.0001203,0.00011206,0.00012022,155504267062.85,1701215999999.0,17939042.53648396,118260.0,83013710778.57,9573983.03036346,0.0
354,2023-11-29 00:00:00,0.00012022,0.00012764,0.000113,0.00011825,197993401155.44,1701230399999.0,23711224.51259891,167160.0,98906271244.58,11862085.56668283,0.0
355,2023-11-29 04:00:00,0.00011823,0.00012299,0.00011624,0.00011983,155427517449.18,1701244799999.0,18567691.52561539,120018.0,78694640891.72,9410734.61569321,0.0
356,2023-11-29 08:00:00,0.0001198,0.00012451,0.00011638,0.00012179,226324544615.99,1701259199999.0,27264926.08019863,166787.0,113047614728.55,13636015.58005711,0.0
357,2023-11-29 12:00:00,0.0001218,0.0001229,0.00011208,0.0001145,180558510308.53,1701273599999.0,20987582.88485925,142673.0,88001023545.96,10232163.13292398,0.0
358,2023-11-29 16:00:00,0.00011451,0.0001209,0.00011361,0.00011804,112245856078.68,1701287999999.0,13177099.79954001,83145.0,60869941245.61,7150963.81943368,0.0
359,2023-11-29 20:00:00,0.00011807,0.000119,0.0001155,0.0001163,50890941225.17,1701302399999.0,5987401.7799322,47315.0,25796076221.71,3035697.08314031,0.0
360,2023-11-30 00:00:00,0.00011631,0.00012784,0.00011628,0.00012251,148570628629.9,1701316799999.0,18217444.02987751,153791.0,79111031963.04,9714070.48198412,0.0
361,2023-11-30 04:00:00,0.00012247,0.00012332,0.00011632,0.00011685,92893069656.02,1701331199999.0,11125203.72311125,73573.0,42375733645.34,5080277.24836431,0.0
362,2023-11-30 08:00:00,0.00011683,0.00011796,0.00011457,0.00011662,78371897425.38,1701345599999.0,9108439.24826154,60631.0,36989489925.35,4301406.01807967,0.0
363,2023-11-30 12:00:00,0.00011658,0.00012,0.00011319,0.00011786,100053326984.12,1701359999999.0,11646819.84724265,77260.0,49336535300.39,5748655.3483054,0.0
364,2023-11-30 16:00:00,0.00011783,0.0001185,0.00011558,0.00011614,48001272109.56,1701374399999.0,5612175.50144248,41496.0,21681893209.88,2536809.18455377,0.0
365,2023-11-30 20:00:00,0.00011611,0.0001187,0.0001157,0.00011738,31981086005.18,1701388799999.0,3747945.17151057,25766.0,15917846423.23,1866083.28235554,0.0
366,2023-12-01 00:00:00,0.00011743,0.00012,0.00011655,0.00011892,44114042326.83,1701403199999.0,5232845.90110164,38343.0,22627798201.15,2686207.1355963,0.0
367,2023-12-01 04:00:00,0.00011892,0.00012259,0.00011174,0.00011451,83845644760.79,1701417599999.0,9838533.04845099,67990.0,37896808431.16,4456216.84717894,0.0
368,2023-12-01 08:00:00,0.0001145,0.00011665,0.00011438,0.00011505,45238211996.06,1701431999999.0,5233343.43509166,35608.0,21434367090.84,2479497.53201126,0.0
369,2023-12-01 12:00:00,0.00011508,0.00014354,0.00011452,0.00013973,456591255759.63,1701446399999.0,61035821.52310165,356007.0,243387650983.06,32488245.87530843,0.0
370,2023-12-01 16:00:00,0.00013982,0.0001468,0.00013525,0.0001383,331973978679.83,1701460799999.0,46843516.39662807,276531.0,165181395155.35,23331738.56943384,0.0
371,2023-12-01 20:00:00,0.00013831,0.0001409,0.00013616,0.00013788,119069185600.54,1701475199999.0,16533255.14860568,89395.0,56731934495.72,7880216.82409701,0.0
372,2023-12-02 00:00:00,0.00013789,0.00014256,0.00013285,0.00013607,121236647336.8,1701489599999.0,16871245.2685566,109337.0,58710424590.42,8183512.60225,0.0
373,2023-12-02 04:00:00,0.0001361,0.00014142,0.00013486,0.000139,78558615966.72,1701503999999.0,10883571.74753178,69110.0,39798538677.49,5515221.86349129,0.0
374,2023-12-02 08:00:00,0.00013898,0.00014472,0.00013637,0.00014013,125221064379.04,1701518399999.0,17564654.35136448,106145.0,64695968591.92,9081647.92047851,0.0
375,2023-12-02 12:00:00,0.00014013,0.000155,0.0001386,0.00014364,277565274788.82,1701532799999.0,40707499.99592486,222773.0,142254915830.0,20871642.93820317,0.0
376,2023-12-02 16:00:00,0.00014364,0.00015122,0.00014161,0.00014861,170772055528.37,1701547199999.0,25298628.55049803,142564.0,90266684046.13,13376323.11231067,0.0
377,2023-12-02 20:00:00,0.00014861,0.0001495,0.00014499,0.00014728,73589725260.49,1701561599999.0,10836738.9061464,62649.0,36250535544.94,5338731.33824521,0.0
378,2023-12-03 00:00:00,0.00014727,0.00015064,0.00014555,0.00015008,81703541671.53,1701575999999.0,12099474.41889667,76900.0,43429887931.99,6436391.09979779,0.0
379,2023-12-03 04:00:00,0.0001501,0.00015975,0.00014803,0.00015544,246308280304.87,1701590399999.0,38201049.06552994,199621.0,123631746518.76,19166084.63795056,0.0
380,2023-12-03 08:00:00,0.00015542,0.00019349,0.0001552,0.0001871,466706135771.18,1701604799999.0,81713060.98395623,419810.0,247314684785.5,43209410.08402837,0.0
381,2023-12-03 12:00:00,0.00018713,0.00019661,0.00017533,0.00018815,467135569562.51,1701619199999.0,87325489.36167382,478893.0,233581034312.25,43726259.29753443,0.0
382,2023-12-03 16:00:00,0.00018817,0.00020442,0.00018414,0.00019266,337147798422.49,1701633599999.0,65099814.37266911,339843.0,173430926717.48,33540761.6962926,0.0
383,2023-12-03 20:00:00,0.00019269,0.0002,0.00018982,0.0001972,167103238501.24,1701647999999.0,32603773.82706275,171516.0,85035241053.98,16608780.09611218,0.0
384,2023-12-04 00:00:00,0.00019718,0.00021356,0.00019127,0.00020822,270023395566.87,1701662399999.0,54765950.15723958,316969.0,136417652841.52,27704906.50116758,0.0
385,2023-12-04 04:00:00,0.00020821,0.00027899,0.00020462,0.00026816,695508290187.94,1701676799999.0,168800686.68822223,846759.0,359379767424.74,87298715.42630887,0.0
386,2023-12-04 08:00:00,0.00026818,0.00027279,0.00021666,0.00024124,563405866799.85,1701691199999.0,140969127.3031285,718463.0,275636889638.5,68976838.93009122,0.0
387,2023-12-04 12:00:00,0.00024123,0.00025673,0.00022752,0.00023473,363566582285.19,1701705599999.0,87741888.88678133,452207.0,177086907834.37,42791083.11199513,0.0
388,2023-12-04 16:00:00,0.00023466,0.0002642,0.00023368,0.00025401,245808069811.04,1701719999999.0,61688095.77586557,288925.0,124906875678.28,31360523.82077904,0.0
389,2023-12-04 20:00:00,0.00025408,0.00028,0.00025032,0.00025754,234526100489.8,1701734399999.0,61412594.92110999,289304.0,120334919844.41,31550928.75392879,0.0
390,2023-12-05 00:00:00,0.00025754,0.00025982,0.00022628,0.00023846,213311952960.48,1701748799999.0,50636422.01531542,294671.0,102548769604.57,24343821.01133326,0.0
391,2023-12-05 04:00:00,0.0002385,0.0002531,0.000228,0.00023498,201257022436.03,1701763199999.0,48156474.23182426,236973.0,96203871442.12,23065013.31382315,0.0
392,2023-12-05 08:00:00,0.00023496,0.00024547,0.000234,0.00024382,177607611445.38,1701777599999.0,42673272.68263212,195542.0,89937560343.92,21618618.05172051,0.0
393,2023-12-05 12:00:00,0.00024377,0.0002438,0.00021564,0.00022922,258546813820.39,1701791999999.0,59071017.04224679,306776.0,122628980931.11,28015053.64569851,0.0
394,2023-12-05 16:00:00,0.00022927,0.00023106,0.00021481,0.00022897,193878255396.38,1701806399999.0,43285404.58212652,238095.0,91941092382.85,20555816.50575587,0.0
395,2023-12-05 20:00:00,0.00022898,0.000232,0.00022106,0.00022539,74202051429.68,1701820799999.0,16765734.56133073,90039.0,34375977445.95,7775362.01310119,0.0
396,2023-12-06 00:00:00,0.00022536,0.000232,0.0002179,0.00022365,100472279249.34,1701835199999.0,22518577.95072954,123838.0,50095613644.71,11241075.89027977,0.0
397,2023-12-06 04:00:00,0.00022364,0.0002299,0.0001968,0.00019945,235478788699.4,1701849599999.0,49312349.15776522,296644.0,106894917197.06,22426353.49349431,0.0
398,2023-12-06 08:00:00,0.00019946,0.0002138,0.00019588,0.00020864,251563930223.3,1701863999999.0,52060878.31008469,296962.0,123590557057.98,25591924.09527597,0.0
399,2023-12-06 12:00:00,0.00020863,0.00022333,0.0002055,0.00021714,170223549957.67,1701878399999.0,36260913.52765786,199650.0,85448824422.37,18218893.56762704,0.0
400,2023-12-06 16:00:00,0.0002171,0.000247,0.00021432,0.00022387,323633482917.06,1701892799999.0,75812566.6278223,362237.0,163872588630.92,38413525.10378324,0.0
401,2023-12-06 20:00:00,0.00022371,0.00022544,0.0002151,0.00021754,80287817585.83,1701907199999.0,17761449.69862526,98718.0,37027424778.67,8200784.33525805,0.0
402,2023-12-07 00:00:00,0.00021751,0.00023149,0.00021623,0.00022333,78776675006.7,1701921599999.0,17625181.15408745,101203.0,40057897248.74,8968641.20511654,0.0
403,2023-12-07 04:00:00,0.00022334,0.00022633,0.00020551,0.00020924,136490758967.84,1701935999999.0,29392262.34249521,135560.0,67625113393.39,14549019.90846263,0.0
404,2023-12-07 08:00:00,0.00020925,0.00021243,0.00020205,0.00020698,134191321330.61,1701950399999.0,27851294.64981805,138441.0,64455503336.7,13390938.83501736,0.0
405,2023-12-07 12:00:00,0.00020694,0.00021027,0.0002025,0.00020624,91493429126.45,1701964799999.0,18901238.59287095,96667.0,43116918247.64,8907787.75298384,0.0
406,2023-12-07 16:00:00,0.00020628,0.00020827,0.00020067,0.00020281,92958528061.62,1701979199999.0,18958259.90050239,103165.0,43622016887.78,8903684.56294371,0.0
407,2023-12-07 20:00:00,0.00020285,0.00020647,0.00019767,0.00020046,60919888450.86,1701993599999.0,12297668.91470165,64413.0,29872868962.78,6037002.33820512,0.0
408,2023-12-08 00:00:00,0.00020053,0.00020568,0.00019642,0.00020244,61154674868.96,1702007999999.0,12282208.65708909,70702.0,28344340874.31,5700946.49102962,0.0
409,2023-12-08 04:00:00,0.00020247,0.00021331,0.00020001,0.00020157,86912207027.91,1702022399999.0,17883910.54176805,95842.0,41308279438.5,8511266.7754976,0.0
410,2023-12-08 08:00:00,0.00020158,0.00020435,0.00020012,0.00020251,63634940158.21,1702036799999.0,12871588.66983981,61778.0,29695190482.17,6009290.40814645,0.0
411,2023-12-08 12:00:00,0.00020256,0.00020799,0.00019865,0.00020229,95258287315.74,1702051199999.0,19340389.28041774,98066.0,46325852697.17,9408471.83766832,0.0
412,2023-12-08 16:00:00,0.0002023,0.0002062,0.0001989,0.00020095,82971824908.08,1702065599999.0,16719534.85110041,73811.0,39637465127.1,7993344.88085299,0.0
413,2023-12-08 20:00:00,0.00020091,0.00020478,0.00020076,0.00020319,48002375994.24,1702079999999.0,9729781.64157003,48925.0,23714803165.45,4807955.75116741,0.0
414,2023-12-09 00:00:00,0.00020307,0.00020998,0.0002009,0.00020675,59701888387.75,1702094399999.0,12280809.91429523,60534.0,30187952739.12,6212860.38520534,0.0
415,2023-12-09 04:00:00,0.00020675,0.00020694,0.00020283,0.00020446,47090836941.34,1702108799999.0,9631297.9194611,46536.0,23049445967.0,4713027.0765678,0.0
416,2023-12-09 08:00:00,0.00020446,0.00020603,0.000199,0.00020004,66915959626.38,1702123199999.0,13495740.70525092,67623.0,28844508760.84,5818680.05060201,0.0
417,2023-12-09 12:00:00,0.00020004,0.00020118,0.00019022,0.00019289,122252917944.98,1702137599999.0,23850402.35268599,117102.0,57334690756.04,11185846.76598108,0.0
418,2023-12-09 16:00:00,0.0001929,0.00019322,0.0001805,0.00018892,163630380855.91,1702151999999.0,30574907.38089441,161126.0,77738664182.85,14530380.19098039,0.0
419,2023-12-09 20:00:00,0.00018891,0.00018955,0.00017786,0.00017935,75279414964.07,1702166399999.0,13869863.82032123,72967.0,33872033406.07,6236313.5868313,0.0
420,2023-12-10 00:00:00,0.00017935,0.00018639,0.00017935,0.00018447,49504191951.33,1702180799999.0,9071272.11715161,49002.0,26156693040.34,4791032.43857204,0.0
421,2023-12-10 04:00:00,0.00018445,0.00018875,0.00017935,0.00018438,70302399524.01,1702195199999.0,12906073.31552736,62059.0,33497072461.15,6157964.71106357,0.0
422,2023-12-10 08:00:00,0.00018437,0.00020625,0.00018008,0.00020107,202205802298.52,1702209599999.0,38890884.5369125,173727.0,106961163109.39,20599844.36789909,0.0
423,2023-12-10 12:00:00,0.00020103,0.00020134,0.00018688,0.00019604,203580973946.21,1702223999999.0,39227309.91563154,185251.0,96357755750.06,18568949.91802406,0.0
424,2023-12-10 16:00:00,0.00019604,0.00021685,0.00019537,0.000203,371892136559.61,1702238399999.0,77099476.79569907,416998.0,189974970157.6,39401860.9611425,0.0
425,2023-12-10 20:00:00,0.00020301,0.00020664,0.0001985,0.00020066,86255800535.73,1702252799999.0,17504556.92890777,83876.0,41090779588.78,8344833.77200469,0.0
426,2023-12-11 00:00:00,0.00020066,0.0002031,0.000163,0.00018356,152103161874.12,1702267199999.0,28319814.44523228,163187.0,69543313672.51,12961146.35980481,0.0
427,2023-12-11 04:00:00,0.0001834,0.00018885,0.0001786,0.00018067,99609638493.69,1702281599999.0,18288434.31632097,96692.0,48159892834.42,8849106.15626874,0.0
428,2023-12-11 08:00:00,0.00018069,0.00018282,0.00017848,0.00018057,68832626547.3,1702295999999.0,12442768.1618001,64375.0,33248244844.34,6011602.71974495,0.0
429,2023-12-11 12:00:00,0.00018051,0.00018413,0.00017295,0.00017878,93293287910.26,1702310399999.0,16570488.60143585,85163.0,45890132775.14,8143958.23520617,0.0
430,2023-12-11 16:00:00,0.00017881,0.00018083,0.0001689,0.00017625,94833417975.91,1702324799999.0,16523026.02058261,91303.0,45156558909.16,7869617.62074436,0.0
431,2023-12-11 20:00:00,0.00017629,0.00017828,0.00017374,0.00017679,34504636156.09,1702339199999.0,6088466.2377336,32888.0,18298124664.36,3230141.82877983,0.0
432,2023-12-12 00:00:00,0.00017695,0.00018433,0.00017609,0.00017951,48124416110.71,1702353599999.0,8688589.41379945,44667.0,24415182746.64,4406565.57273166,0.0
433,2023-12-12 04:00:00,0.00017951,0.00018691,0.00017749,0.00018351,68634768780.15,1702367999999.0,12521730.78919351,64161.0,36075677682.3,6585087.81074105,0.0
434,2023-12-12 08:00:00,0.00018359,0.00018595,0.00017775,0.00017811,61088976431.17,1702382399999.0,11114468.72185105,61163.0,27040434772.46,4923653.81424183,0.0
435,2023-12-12 12:00:00,0.00017813,0.00018008,0.00017078,0.00017269,73845427158.21,1702396799999.0,13031358.56090433,75119.0,35444319357.15,6257643.61731405,0.0
436,2023-12-12 16:00:00,0.0001726,0.00018247,0.00017105,0.00017895,86971430936.99,1702411199999.0,15424040.02039197,78258.0,42433851156.55,7525211.15369585,0.0
437,2023-12-12 20:00:00,0.00017893,0.00017948,0.0001743,0.00017646,28517413916.71,1702425599999.0,5043199.131445,30675.0,13408011188.87,2371459.5950966,0.0
438,2023-12-13 00:00:00,0.0001765,0.00017726,0.00016719,0.00016773,42822801575.45,1702439999999.0,7370198.23343356,44275.0,19047822819.33,3280345.00419382,0.0
439,2023-12-13 04:00:00,0.00016774,0.00016862,0.0001624,0.00016606,68220868727.14,1702454399999.0,11356770.04169073,58159.0,31919698982.63,5316453.39442913,0.0
440,2023-12-13 08:00:00,0.00016609,0.000175,0.00016608,0.00016939,68548257739.78,1702468799999.0,11634424.35463707,56147.0,35052650032.71,5950475.74529382,0.0
441,2023-12-13 12:00:00,0.00016947,0.00017475,0.00016905,0.00017379,55967433069.06,1702483199999.0,9604303.95270474,45940.0,27874399254.87,4785402.61812946,0.0
442,2023-12-13 16:00:00,0.0001738,0.00018105,0.00017016,0.00017961,63811461862.04,1702497599999.0,11183663.2212764,51525.0,32157634214.7,5639475.70312657,0.0
443,2023-12-13 20:00:00,0.00017961,0.00018376,0.00017758,0.0001794,72215935692.97,1702511999999.0,12997410.23031632,64864.0,35489580593.87,6388367.23098323,0.0
444,2023-12-14 00:00:00,0.00017945,0.0001827,0.00017712,0.00017833,37950708649.02,1702526399999.0,6799420.51061305,34169.0,17900140669.91,3208894.75564735,0.0
445,2023-12-14 04:00:00,0.00017833,0.00018499,0.00017662,0.00018063,51476391812.91,1702540799999.0,9300149.9420479,44710.0,26626429794.16,4811334.9263438,0.0
446,2023-12-14 08:00:00,0.00018056,0.00018137,0.0001773,0.00018127,37379167194.2,1702555199999.0,6694420.4674249,31153.0,17859398256.45,3199816.64856385,0.0
447,2023-12-14 12:00:00,0.00018124,0.00018144,0.00016908,0.00017582,62463908715.79,1702569599999.0,10979569.84380689,54501.0,28712542082.51,5047194.39650644,0.0
448,2023-12-14 16:00:00,0.00017582,0.00018343,0.00017543,0.00017753,56492482822.44,1702583999999.0,10139106.2691764,46950.0,28756455270.66,5163312.75100806,0.0
449,2023-12-14 20:00:00,0.00017752,0.00018122,0.00017635,0.0001804,26541760677.73,1702598399999.0,4745900.56290804,20694.0,12748686351.9,2279909.53703408,0.0
450,2023-12-15 00:00:00,0.00018038,0.000193,0.0001798,0.00018508,105003273698.78,1702612799999.0,19557205.37398622,101073.0,54035083896.15,10066469.23065306,0.0
451,2023-12-15 04:00:00,0.00018516,0.00018525,0.00017637,0.00017675,61864412486.29,1702627199999.0,11170336.73139851,47896.0,25889980991.1,4674424.39202446,0.0
452,2023-12-15 08:00:00,0.00017684,0.00017856,0.00017319,0.0001737,62915536679.31,1702641599999.0,11060808.05537878,51387.0,30361058441.75,5339025.59542557,0.0
453,2023-12-15 12:00:00,0.00017372,0.00017424,0.00017035,0.00017212,47415979530.89,1702655999999.0,8180836.44013947,39160.0,22606174812.3,3901403.57401853,0.0
454,2023-12-15 16:00:00,0.00017213,0.00017288,0.00017053,0.00017118,6879927672.27,1702670399999.0,1181670.45940117,5543.0,3405058507.04,585056.61970134,0.0
